id,Created (UTC),Active,Currency,Url,Name
plink_1TyDpL8yz516qi5mdKOFlY0H,7/28/2026 16:25,TRUE,usd,https://buy.stripe.com/00w28lgfP0DP2FtdrEd3i0E,ASAP Hand Sanitiser - 110 mL
plink_1TyDoz8yz516qi5mJtC0dlT9,7/28/2026 16:25,TRUE,usd,https://buy.stripe.com/aFa00d6Ffbit0xldrEd3i0D,Deluxe Facial Cloth
plink_1TyDoi8yz516qi5m71pXJxia,7/28/2026 16:25,TRUE,usd,https://buy.stripe.com/aFa28le7H9algwjafsd3i0C,Liquid Platinum - 130 mL
plink_1TyDoR8yz516qi5mVTPizFXz,7/28/2026 16:25,TRUE,usd,https://buy.stripe.com/6oU4gt7Jjaep93R73gd3i0B,N20 Peptide Complex - 30 mL
plink_1TyDo98yz516qi5my4u96Xey,7/28/2026 16:24,TRUE,usd,https://buy.stripe.com/bJebIVgfP4U53Jx2N0d3i0A,Super A+ Serum - 30 mL
plink_1TyDnn8yz516qi5m6EIvC5uT,7/28/2026 16:24,TRUE,usd,https://buy.stripe.com/aFa14he7HgCN1Bp9bod3i0z,Super B Complex - 30 mL
plink_1TyDnS8yz516qi5muCr7qwGX,7/28/2026 16:24,TRUE,usd,https://buy.stripe.com/5kQfZb0gRbiteob87kd3i0y,Super C+ Complex - 30 mL
plink_1TyDmw8yz516qi5mrxGAzAh1,7/28/2026 16:23,TRUE,usd,https://buy.stripe.com/00w14hfbLbitgwjdrEd3i0x,Clear Complexion Gel - 50 mL
plink_1TyDmd8yz516qi5muwmvKkRX,7/28/2026 16:23,TRUE,usd,https://buy.stripe.com/fZu6oBbZzcmx4NBevId3i0w,Radiance Serum - 30 mL
plink_1TyDmH8yz516qi5mi4rnMFFv,7/28/2026 16:22,TRUE,usd,https://buy.stripe.com/8x23cpe7Hcmx93R2N0d3i0v,DNA Renewal Treatment - 30 mL
plink_1TyDlz8yz516qi5mee9zaVWu,7/28/2026 16:22,TRUE,usd,https://buy.stripe.com/cNi3cpe7H9al93R1IWd3i0u,Firming Eye Lift - 15 mL
plink_1TyDlf8yz516qi5m8RpeXHRD,7/28/2026 16:22,TRUE,usd,https://buy.stripe.com/7sYcMZaVv0DP93RfzMd3i0t,Advanced Hydrating Moisturiser - 50 mL
plink_1TyDkt8yz516qi5mXf1nBSnL,7/28/2026 16:21,FALSE,usd,https://buy.stripe.com/eVq28l3t3aepa7V87kd3i0s,Ultimate Hydration - 50 mL
plink_1TyDkg8yz516qi5mFluu54c7,7/28/2026 16:21,TRUE,usd,https://buy.stripe.com/4gM5kx7Jj1HTeob5Zcd3i0r,Ultimate Hydration - 50 mL
plink_1TyDk88yz516qi5m4qQ7RoAx,7/28/2026 16:20,TRUE,usd,https://buy.stripe.com/9B6bIV0gRbitdk7drEd3i0q,Hydrating Night Repair+ - 50 mL
plink_1TyDjZ8yz516qi5mSmwzQWwJ,7/28/2026 16:20,TRUE,usd,https://buy.stripe.com/5kQaER2oZ1HTfsfgDQd3i0p,SPF50+ Moisturising Defence+ - 100 mL
plink_1TyDjF8yz516qi5mtAdubJmy,7/28/2026 16:19,TRUE,usd,https://buy.stripe.com/dRmaER8Nn9al5RFdrEd3i0o,SPF50+ Ultimate Defence - 100 mL
plink_1TyDin8yz516qi5mXn9x9bIR,7/28/2026 16:19,TRUE,usd,https://buy.stripe.com/14A7sF3t39alcg34V8d3i0n,CC Correcting Cream SPF15 - 75 mL
plink_1TyDiS8yz516qi5mJZLByezl,7/28/2026 16:18,TRUE,usd,https://buy.stripe.com/4gM28lgfPeuFcg3bjwd3i0m,Soothing Gel - 200 mL
plink_1TyDi18yz516qi5m473W03fk,7/28/2026 16:18,TRUE,usd,https://buy.stripe.com/dRm28l2oZeuFdk7cnAd3i0l,Hydra Plump Lip Balm - 10 mL
plink_1TyDhh8yz516qi5mz56yxce2,7/28/2026 16:18,TRUE,usd,https://buy.stripe.com/3cI00dd3D0DP6VJdrEd3i0k,Revitalising Bodyscrub - 200 mL
plink_1TyDh88yz516qi5mFKd9ww0M,7/28/2026 16:17,TRUE,usd,https://buy.stripe.com/4gMaER1kVdqB2FtevId3i0j,Revitalising Bodymoist - 200 mL
plink_1TyDgu8yz516qi5mOy1GVS9v,7/28/2026 16:17,TRUE,usd,https://buy.stripe.com/28E00d8NndqBbbZbjwd3i0i,Clearskin Bodygel - 120 mL
plink_1TyDgf8yz516qi5mzzM293WL,7/28/2026 16:17,TRUE,usd,https://buy.stripe.com/7sY28lbZzcmx7ZNdrEd3i0h,Gentle Cleansing Gel - 50 mL
plink_1TyDgP8yz516qi5mPkkWmaJx,7/28/2026 16:16,TRUE,usd,https://buy.stripe.com/bJe9AN1kVeuFfsfbjwd3i0g,Daily Facial Cleanser - 50 mL
plink_1TyDgA8yz516qi5mu6aHigWC,7/28/2026 16:16,TRUE,usd,https://buy.stripe.com/00w5kx2oZ3Q1cg33R4d3i0f,C2O Cream to Oil Cleanser - 50 mL
plink_1TyDfU8yz516qi5m8JPmz539,7/28/2026 16:15,TRUE,usd,https://buy.stripe.com/8x28wJ2oZ1HT1Bp73gd3i0e,Daily Exfoliating Facial Scrub - 50 mL
plink_1TyDfD8yz516qi5m5kt8xWMC,7/28/2026 16:15,TRUE,usd,https://buy.stripe.com/6oU8wJgfP1HTeobcnAd3i0d,SPF50+ Moisturising Defence+ - 50 mL
plink_1TyDey8yz516qi5mqU1tmd4l,7/28/2026 16:15,TRUE,usd,https://buy.stripe.com/aFaaERfbL9alcg3afsd3i0c,SPF50+ Ultimate Defence - 50 mL
plink_1TyDd78yz516qi5mHBJHakeU,7/28/2026 16:13,TRUE,usd,https://buy.stripe.com/fZueV7aVvdqBbbZafsd3i0b,Soothing Gel - 50 mL
plink_1TyDcr8yz516qi5mersLLeZx,7/28/2026 16:13,TRUE,usd,https://buy.stripe.com/3cI6oB6Ff72d1Bp0ESd3i0a,Discovery Set
plink_1TyDcZ8yz516qi5mu4JuFPll,7/28/2026 16:12,TRUE,usd,https://buy.stripe.com/7sYcMZfbLbita7V4V8d3i09,Healthy Skin Essentials
plink_1TyDcL8yz516qi5mY1Wd4qag,7/28/2026 16:12,TRUE,usd,https://buy.stripe.com/9B67sFd3Dbit1Bp5Zcd3i08,Clear Complexion
plink_1TyDc48yz516qi5mqIUN6bTK,7/28/2026 16:12,TRUE,usd,https://buy.stripe.com/14A6oB2oZfyJa7VcnAd3i07,Radiance Routine
plink_1TyDbp8yz516qi5mA8lZJL6H,7/28/2026 16:12,TRUE,usd,https://buy.stripe.com/7sYfZb1kV5Y9a7VdrEd3i06,Post Treatment Kit
plink_1TyDbR8yz516qi5mhliyyd9L,7/28/2026 16:11,TRUE,usd,https://buy.stripe.com/fZuaER8Nn2LX3Jx9bod3i05,Signature Serum Collection
plink_1TyDb38yz516qi5mLpIuBJkp,7/28/2026 16:11,TRUE,usd,https://buy.stripe.com/28E00dd3D2LXeob0ESd3i04,Brow & Lash Serum
plink_1TyDao8yz516qi5mIhq8EZfa,7/28/2026 16:10,TRUE,usd,https://buy.stripe.com/00w6oBfbL3Q1gwjevId3i03,Brow Gel
plink_1TyDYH8yz516qi5m2GAil8Jp,7/28/2026 16:08,TRUE,usd,https://buy.stripe.com/5kQeV77Jjcmx2FtcnAd3i02,Eyebrow Powder
plink_1TyDVQ8yz516qi5m5Rw3Pkk8,7/28/2026 16:05,TRUE,usd,https://buy.stripe.com/9B67sF9RreuFeobfzMd3i01,Eyebrow Brush
plink_1TyDSE8yz516qi5myQQuRN75,7/28/2026 16:02,TRUE,usd,https://buy.stripe.com/14A8wJ0gR4U54NBfzMd3i00,Eyelash Growth Mascara
